species_code,scientific_name,common_name,presentation_name,species_assigned_valueAB,Abies species,Fir,Fir,CEL OTHERABBA,Abies balsamea,"Fir, Balsam",Balsam fir,CEL OTHERABCO,Abies concolor,"Fir, White",White fir,CEL OTHERABHO,Abies holophylla,"Fir, Manchurian",Manchurian fir,CEL OTHERAC,Acer species,Maple,Maple,ACPLACBU,Acer buergerianum,"Maple, Trident",Trident maple,ACPLACCA,Acer campestre,"Maple, Hedge",Hedge maple,ACPLACGI,Acer ginnala,"Maple, Amur",Amur maple,ACPLACNE,Acer negundo,Boxelder,Boxelder,ACPLACPA,Acer palmatum,"Maple, Japanese",Japanese maple,ACPLACPE,Acer pensylvanicum,"Maple, Striped",Striped maple,ACPLACPL,Acer platanoides,"Maple, Norway",Norway maple,ACPLACPLCO,Acer platanoides 'columnare',"Maple, Columnare",Columnare maple,ACPLACPLCR,Acer platanoides 'Crimson king',"Maple, Crimson king",Crimson king maple,ACPLACPLSC,Acer platanoides 'Schwedleri',"Maple, Norway 'Schwedler'",Norway maple 'Schwedler',ACPLACPS,Acer pseudoplatanus,"Maple, Sycamore",Sycamore maple,ACPLACRU,Acer rubrum,"Maple, Red",Red maple,ACRUACRUAR,Acer rubrum 'armstrong',"Maple, Scarlet",Scarlet maple,ACRUACRUOC,Acer rubrum 'October glory',"Maple, October glory red",October glory red maple,ACRUACSA1,Acer saccharinum,"Maple, Silver",Silver maple,ACSA1ACSA2,Acer saccharum,"Maple, Sugar",Sugar maple,ACSA2ACSA2GR,Acer saccharum 'green mountain',"Maple, Green mountain sugar",Green mountain sugar maple,ACSA2AECA,Aesculus x carnea,"Horsechestnut, Red",Red horsechestnut,AEHIAEHI,Aesculus hippocastanum,Horsechestnut,Horsechestnut,AEHIAEOC,Aesculus octandra,"Buckeye, Yellow",Yellow buckeye,AEHIAIAL,Ailanthus altissima,"Heaven, Tree of",Tree of heaven,BDL OTHERALJU,Albizia julibrissin,Mimosa,Mimosa,BDS OTHERAM,Amelanchier spp,"Berry, Service",Service berry,BDS OTHERAMAR,Amelanchier arborea,"Serviceberry, Downy",Downy serviceberry,BDS OTHERAMCA,Amelanchier canadensis,"Serviceberry, Eastern",Eastern serviceberry,BDS OTHERARAR,Araucaria araucana,"Tree, Monkeypuzzle",Monkeypuzzle tree,CEL OTHERAREX,Araucaria excelsa,"Pine, Norfolk island",Norfolk island pine,CEL OTHERASTR,Asimina triloba,Pawpaw,Pawpaw,BDS OTHERBDL OTHER,Broadleaf Deciduous Large Other,"Other, Broadleaf Deciduous Large",Broadleaf Deciduous Large Other,ZESEBDM OTHER,Broadleaf Deciduous Medium Other,"Other, Broadleaf Deciduous Medium",Broadleaf Deciduous Medium Other,ACRUBDS OTHER,Broadleaf Deciduous Small Other,"Other, Broadleaf Deciduous Small",Broadleaf Deciduous Small Other,PRSE2BE,Betula species,Birch,Birch,BDM OTHERBEAL,Betula alleghaniensis,"Birch, Yellow",Yellow birch,BDL OTHERBEL OTHER,Broadleaf Evergreen Large Other,"Other, Broadleaf Evergreen Large",Broadleaf Evergreen Large Other,ULPA99BELE,Betula lenta,"Birch, Black",Black birch,BDL OTHERBEM OTHER,Broadleaf Evergreen Medium Other,"Other, Broadleaf Evergreen Medium",Broadleaf Evergreen Medium Other,MAGRBENI,Betula nigra,"Birch, River",River birch,BDL OTHERBEPA,Betula papyrifera,"Birch, Paper",Paper birch,BDL OTHERBEPE,Betula pendula,"Birch, European white",European white birch,BDM OTHERBEPEGR,Betula pendula gracilis,"Birch, Weeping",Weeping birch,BDM OTHERBEPO,Betula populifolia,"Birch, Gray",Gray birch,BDM OTHERBES OTHER,Broadleaf Evergreen Small Other,"Other, Broadleaf Evergreen Small",Broadleaf Evergreen Small Other,ILOPBRPA,Broussonetia papyrifera,"Mulberry, Paper",Paper mulberry,BDM OTHERBUCA,Butia capitata,"Palm, Jelly",Jelly palm,BUCACA1,Carya species,Hickory,Hickory,BDL OTHERCABE,Carpinus betulus,"Hornbeam, European",European hornbeam,BDM OTHERCABI,Catalpa bignonioides,"Catalpa, Southern",Southern catalpa,BDM OTHERCACA,Carpinus caroliniana,"Hornbeam, American",American hornbeam,BDM OTHERCACO,Carya cordiformis,"Hickory, Bitternut",Bitternut hickory,BDL OTHERCADE,Castanea dentata,"Chestnut, American",American chestnut,BDL OTHERCAEQ,Casuarina equisetifolia,Ironwood,Ironwood,CEL OTHERCAGL,Carya glabra,"Hickory, Pignut",Pignut hickory,BDL OTHERCAJA,Carpinus japonica,"Hornbeam, Japanese",Japanese hornbeam,BDM OTHERCAMO,Castanea mollissima,"Chestnut, Chinese",Chinese chestnut,BDM OTHERCAOV,Carya ovata,"Hickory, Shagbark",Shagbark hickory,BDL OTHERCAPU,Castanea pumila,"Chinkapin, Alleghany",Alleghany chinkapin,BDS OTHERCASP,Catalpa speciosa,"Catalpa, Northern",Northern catalpa,BDM OTHERCATE,Carya texana,"Hickory, Black",Black hickory,BDL OTHERCATO,Carya tomentosa,"Hickory, Mockernut",Mockernut hickory,BDL OTHERCEAT,Cedrus atlantica,"Cedar, Atlas",Atlas cedar,CEM OTHERCECA,Cercis canadensis,"Redbud, Eastern",Eastern redbud,BDS OTHERCEDE,Cedrus deodara,"Cedar, Deodar",Deodar cedar,CEL OTHERCEJA,Cercidiphyllum japonicum,"Tree, Katsura",Katsura tree,BDM OTHERCEL OTHER,Conifer Evergreen Large Other,"Other, Conifer Evergreen Large",Conifer Evergreen Large Other,PISTCEM OTHER,Conifer Evergreen Medium Other,"Other, Conifer Evergreen Medium",Conifer Evergreen Medium Other,JUVICEOC,Celtis occidentalis,"Hackberry, Northern",Northern hackberry,BDL OTHERCES OTHER,Conifer Evergreen Small Other,"Other, Conifer Evergreen Small",Conifer Evergreen Small Other,PICO5CHTH,Chamaecyparis thyoides,"Cedar, Atlantic white",Atlantic white cedar,CEM OTHERCISP,Citrus species,Citrus,Citrus,BES OTHERCLLU,Cladrastis kentukea,Yellowwood,Yellowwood,BDM OTHERCO1,Cornus species,Dogwood,Dogwood,BDS OTHERCO2,Corylus species,Hazelnut,Hazelnut,BDS OTHERCOCO2,Corylus colurna,"Hazelnut, Turkish",Turkish hazelnut,BDL OTHERCOFL,Cornus florida,"Dogwood, Flowering",Flowering dogwood,BDS OTHERCOKO,Cornus kousa,"Dogwood, Kousa",Kousa dogwood,BDS OTHERCOMA,Cornus mas,"Cherry, Cornelian",Cornelian cherry,BDS OTHERCR,Crataegus species,Hawthorn,Hawthorn,BDS OTHERCRCR,Crataegus crus-galli,"Hawthorn, Cockspur",Cockspur hawthorn,BDS OTHERCRJA,Cryptomeria japonica,"Cedar, Japanese red",Japanese red cedar,CEL OTHERCRMO2,Crataegus mollis 'scheele',"Hawthorn, Arnold",Arnold hawthorn,BDS OTHERCRPH,Crataegus phaenopyrum,"Hawthorn, Washington",Washington hawthorn,BDS OTHERCRVI,Crataegus viridis 'Winter King',"Hawthorn, Green",Green hawthorn,BDS OTHERCULE,x Cupressocyparis leylandii,"Cypress, Leyland",Leyland cypress,CEL OTHERDIVI,Diospyros virginiana,"Persimmon, Common",Common persimmon,BDM OTHERELAN,Elaeagnus angustifolia,"Olive, Russian",Russian olive,BDS OTHERELUM,Elaeagnus umbellata,"Olive, Autumn",Autumn olive,BES OTHEREUUL,Eucommia ulmoides,"Tree, Hardy rubber",Hardy rubber tree,BDL OTHERFA,Fagus species,Beech,Beech,BDL OTHERFAGR,Fagus grandifolia,"Beech, American",American beech,BDL OTHERFASY,Fagus sylvatica,"Beech, European",European beech,BDL OTHERFR,Fraxinus species,Ash,Ash,FRPEFRAM,Fraxinus americana,"Ash, White",White ash,FRPEFRCA,Fraxinus caroliniana,"Ash, Carolina",Carolina ash,FRPEFRNI,Fraxinus nigra,"Ash, Black",Black ash,FRPEFRPE,Fraxinus pennsylvanica,"Ash, Green",Green ash,FRPEFRPES,Fraxinus pennsylvanica 'Summit',"Ash, Summit",Summit ash,FRPEGIBI,Ginkgo biloba,Ginkgo,Ginkgo,GIBIGIBI(F),"Gingko biloba, female","Ginkgo, Female",Female ginkgo,GIBIGLTR,Gleditsia triacanthos,Honeylocust,Honeylocust,GLTRGYDI,Gymnocladus dioicus,"Coffeetree, Kentucky",Kentucky coffeetree,BDL OTHERHADI,Halesia diptera,"Silverbell, Two-wing",Two-wing silverbell,BDS OTHERHAVI,Hamamelis virginiana,"Hazel, Witch",Witch hazel,BDS OTHERHISY,Hibiscus syriacus,Rose-of-sharon,Rose-of-sharon,BDS OTHERILCA,Ilex cassine,Dahoon,Dahoon,BES OTHERILOP,Ilex opaca,"Holly, American",American holly,ILOPILSP,Ilex species,Holly,Holly,BES OTHERJUCI,Juglans cinerea,Butternut,Butternut,BDL OTHERJUNI,Juglans nigra,"Walnut, Black",Black walnut,BDL OTHERJURE,Juglans regia,"Walnut, English",English walnut,BDL OTHERJUVI,Juniperus virginiana,"Cedar, Eastern red",Eastern red cedar,JUVIKOEL,Koelreuteria elegans,Flamegold,Flamegold,BDS OTHERKOPA,Koelreuteria paniculata,"Tree, Goldenrain",Goldenrain tree,BDS OTHERLADE,Larix decidua,"Larch, European",European larch,BDL OTHERLISP,Ligustrum species,Privet,Privet,BES OTHERLIST,Liquidambar styraciflua,Sweetgum,Sweetgum,LISTLITU,Liriodendron tulipifera,"Tree, Tulip",Tulip tree,BDL OTHERMA1,Magnolia species,Magnolia,Magnolia,BEM OTHERMA2,Malus species,Apple,Apple,MA2MAAM9,Maackia amurensis,"Maackia, Amur",Amur maackia,BDM OTHERMADE,Magnolia denudata,"Magnolia, Chinese",Chinese magnolia,BDS OTHERMAGR,Magnolia grandiflora,"Magnolia, Southern",Southern Magnolia,MAGRMAHA,Malus 'harvest gold',"Gold, Crabapple harvest",Crabapple harvest gold,MA2MAIS,Malus 'Indian summer',"Summer, Crabapple Indian",Crabapple Indian summer,MA2MAPU,Malus pumila,"Apple, Paradise",Paradise apple,MA2MASO,Magnolia x soulangiana,"Magnolia, Chinese magnolia; Saucer",Chinese magnolia; Saucer magnolia,BDS OTHERMAST,Magnolia stellata,"Magnolia, Star",Star magnolia,BDS OTHERMEGL,Metasequoia glyptostroboides,"Redwood, Dawn",Dawn redwood,BDL OTHERMOAL,Morus alba,"Mulberry, White",White mulberry,BDM OTHERMORU,Morus rubra,"Mulberry, Red",Red mulberry,BDM OTHERMYCE,Myrica cerifera,"Bayberry, Southern",Southern bayberry,BES OTHERNYSY,Nyssa sylvatica,"Tupelo, Black",Black tupelo,BDM OTHEROSVI,Ostrya virginiana,"Hophornbeam, Eastern",Eastern hophornbeam,BDM OTHERPATO,Paulownia tomentosa,"Paulownia, Royal",Royal paulownia,BDM OTHERPEL OTHER,Palm Evergreen Large Other,"Other, Palm Evergreen Large",Palm Evergreen Large Other,PHCAPEM OTHER,Palm Evergreen Medium Other,"Other, Palm Evergreen Medium",Palm Evergreen Medium Other,SAPAPES OTHER,Palm Evergreen Small Other,"Other, Palm Evergreen Small",Palm Evergreen Small Other,BUCAPHAM,Phellodendron amurense,"Corktree, Amur",Amur corktree,BDM OTHERPHCA,Phoenix canariensis,"Palm, Canary Island date",Canary Island date palm,PHCAPI1,Picea species,Spruce,Spruce,CEL OTHERPI2,Pinus species,Pine,Pine,CEL OTHERPIAB,Picea abies,"Spruce, Norway",Norway spruce,CEL OTHERPIBA,Pinus banksiana,"Pine, Jack",Jack pine,CEM OTHERPICL,Pinus clausa,"Pine, Sand",Sand pine,CEM OTHERPICO5,Pinus contorta var. bolanderi,"Pine, Bolander beach",Bolander beach pine,PICO5PIEC,Pinus echinata,"Pine, Shortleaf",Shortleaf pine,CEL OTHERPIGL1,Picea glauca,"Spruce, White",White spruce,CEL OTHERPIGL2,Pinus glabra,"Pine, Spruce",Spruce pine,CEL OTHERPIMA,Picea mariana,"Spruce, Black",Black spruce,CEL OTHERPINI,Pinus nigra,"Pine, Austrian",Austrian pine,CEL OTHERPIPUGL,Picea pungens 'glauca',"Spruce, Blue",Blue spruce,CEL OTHERPIRI,Pinus rigida,"Pine, Pitch",Pitch pine,CEL OTHERPISE,Pinus serotina,"Pine, Pond",Pond pine,CEL OTHERPIST,Pinus strobus,"Pine, Eastern white",Eastern white pine,PISTPISY,Pinus sylvestris,"Pine, Scotch",Scotch pine,CEL OTHERPITA,Pinus taeda,"Pine, Loblolly",Loblolly pine,CEL OTHERPITH,Pinus thunbergiana,"Pine, Japanese black",Japanese black pine,CEL OTHERPLAC,Platanus hybrida,"Planetree, London",London planetree,PLACPLOC,Platanus occidentalis,"Sycamore, American",American sycamore,PLACPO,Populus species,Cottonwood,Cottonwood,BDL OTHERPOAL,Populus alba,"Poplar, White",White poplar,BDL OTHERPOBA,Populus balsamifera,"Poplar, Balsam",Balsam poplar,BDL OTHERPOCA,Populus x canescens,"Poplar, Gray",Gray poplar,BDL OTHERPODE,Populus deltoides,"Cottonwood, Eastern",Eastern cottonwood,BDL OTHERPOGR,Populus grandidentata,"Aspen, Bigtooth",Bigtooth aspen,BDL OTHERPONI,Populus nigra,"Poplar, Black",Black poplar,BDL OTHERPONIIT,Populus nigra 'italica',"Poplar, Lombardy",Lombardy poplar,BDL OTHERPOTR1,Populus tremuloides,"Aspen, Quaking",Quaking aspen,BDL OTHERPOTR2,Populus balsamifera ssp. trichocarpa,"Cottonwood, Black",Black cottonwood,BDL OTHERPR,Prunus species,Plum,Plum,PRSE2PR2,Prestoea species,Prestoea,Prestoea,PES OTHERPRAM,Prunus americana,"Plum, American",American plum,PRSE2PRAV,Prunus avium,"Cherry, Sweet",Sweet cherry,PRSE2PRCA,Prunus caroliniana,"Laurelcherry, Carolina",Carolina laurelcherry,PRSE2PRCE,Prunus cerasifera,"Plum, Cherry",Cherry plum,PRSE2PRCI,Prunus x cistena,"Cherry, Purpleleaf sand",Purpleleaf sand cherry,PRSE2PRMA,Prunus maackii,"Chokecherry, Amur",Amur chokecherry,PRSE2PRPE1,Prunus pennsylvanica,"Cherry, Pin",Pin cherry,PRSE2PRPE2,Prunus persica,Peach,Peach,PRSE2PRSA,Prunus sargentii,"Cherry, Sargent",Sargent cherry,PRSE2PRSE1,Prunus serotina,"Cherry, Black",Black cherry,PRSE2PRSE2,Prunus shrubs,"Cherry, Kwanzan",Kwanzan cherry,PRSE2PRSU,Prunus subhirtella,"Cherry, Higan",Higan cherry,PRSE2PRTR,Prunus triloba,"Plum, Flowering",Flowering plum,PRSE2PRVI,Prunus virginiana,"Chokecherry, Common",Common chokecherry,PRSE2PRVISH,Prunus virginiana 'Shubert',"Chokecherry, Shubert",Shubert chokecherry,PRSE2PRYE,Prunus yedoensis,"Cherry, Yoshino flowering",Yoshino flowering cherry,PRSE2PSME,Pseudotsuga menziesii,"Fir, Douglas",Douglas fir,CEL OTHERPTTR,Ptelea trifoliata,"Hoptree, Common",Common hoptree,BDS OTHERPYCA,Pyrus calleryana,"Pear, Callery",Callery pear,PYCAPYCAAR,Pyrus calleryana 'Aristocrat',"Pear, Aristocrat callery",Aristocrat callery pear,PYCAPYCO,Pyrus communis,"Pear, Common",Common pear,PYCAQU,Quercus species,Oak,Oak,QUPAQUAC,Quercus acutissima,"Oak, Sawtooth",Sawtooth oak,QUPAQUAL,Quercus alba,"Oak, White",White oak,QUPAQUAU,Quercus austrina,"Oak, Bluff",Bluff oak,QUPAQUBI,Quercus bicolor,"Oak, Swamp white",Swamp white oak,QUPAQUCO,Quercus coccinea,"Oak, Scarlet",Scarlet oak,QUPAQUEL,Quercus ellipsoidalis,"Oak, Northern pin",Northern pin oak,QUPAQUFA,Quercus falcata,"Oak, Southern red",Southern red oak,QUPAQUIM,Quercus imbricaria,"Oak, Shingle",Shingle oak,QUPAQULY,Quercus lyrata,"Oak, Overcup",Overcup oak,QUPAQUMA1,Quercus macrocarpa,"Oak, Bur",Bur oak,QUPAQUMA2,Quercus marilandica,"Oak, Blackjack",Blackjack oak,QUPAQUMU,Quercus muehlenbergii,"Oak, Chinkapin",Chinkapin oak,QUPAQUNI,Quercus nigra,"Oak, Water",Water oak,QUPAQUPA,Quercus palustris,"Oak, Pin",Pin oak,QUPAQUPAFA,Quercus palustris fastigiata,"Oak, Fastigiate pin",Fastigiate pin oak,QUPAQUPH,Quercus phellos,"Oak, Willow",Willow oak,QUPHQUPR,Quercus prinus,"Oak, Chestnut",Chestnut oak,QURUQURO,Quercus robur,"Oak, English",English oak,QURUQURU,Quercus rubra,"Oak, Northern red",Northern red oak,QURUQUSH,Quercus shumardii,"Oak, Shumard",Shumard oak,QURUQUST,Quercus stellata,"Oak, Post",Post oak,QURUQUVE,Quercus velutina,"Oak, Black",Black oak,QURUQUVI,Quercus virginiana,"Oak, Live",Live oak,QURURHGL,Rhus glabra,"Sumac, Smooth",Smooth sumac,BDS OTHERRHTY,Rhus hirta,"Sumac, Staghorn",Staghorn sumac,BDS OTHERROPS,Robinia pseudoacacia,"Locust, Black",Black locust,BDL OTHERSA,Salix species,Willow,Willow,BDM OTHERSAAL,Sassafras albidum,Sassafras,Sassafras,BDM OTHERSABA,Salix x sepulcralis Simonkai,"Willow, Weeping",Weeping willow,BDM OTHERSAMA,Salix matsudana,"Willow, Corkscrew",Corkscrew willow,BDM OTHERSANI,Salix nigra,"Willow, Black",Black willow,BDM OTHERSAPA,Sabal palmetto,"Palmetto, Cabbage",Cabbage palmetto,SAPASESE,Sequoia sempervirens,"Redwood, Coast",Coast redwood,CEL OTHERSOAM,Sorbus americana,"Ash, American mountain",American mountain ash,BDS OTHERSOAU,Sorbus aucuparia,"Ash, European mountain",European mountain ash,BDS OTHERSOJA,Sophora japonica,"Tree, Japanese pagoda",Japanese pagoda tree,BDM OTHERSTJA,Styrax japonicus,"Snowbell, Japanese",Japanese snowbell,BDM OTHERSYRE,Syringa reticulata,"Lilac, Japanese tree",Japanese tree lilac,BDS OTHERTA,Taxus species,Yew,Yew,CES OTHERTADI,Taxodium distichum,Baldcypress,Baldcypress,BDL OTHERTHOC,Thuja occidentalis,"Cedar, Northern white",Northern white cedar,CEM OTHERTI,Tilia species,Basswood,Basswood,TITOTIAM,Tilia americana,"Basswood, American",American basswood,TITOTICO,Tilia cordata,"Linden, Littleleaf",Littleleaf linden,TICOTICOGR,Tilia cordata 'greenspire',"Linden, Greenspire littleleaf",Greenspire littleleaf linden,TICOTIPL,Tilia platyphyllos,"Linden, Bigleaf",Bigleaf linden,TITOTITO,Tilia tomentosa,"Linden, Silver",Silver linden,TITOTSCA,Tsuga canadensis,"Hemlock, Eastern",Eastern hemlock,CEM OTHERULAL,Ulmus alata,"Elm, Winged",Winged elm,ULAMULAM,Ulmus americana,"Elm, American",American elm,ULAMULCAHO,Ulmus carpinifolia 'hollandica',"Elm, Smoothleaf",Smoothleaf elm,ULAMULPA,Ulmus parvifolia,"Elm, Chinese",Chinese elm,ULAMULPA99,Ulmus parvifolia evergreen,"Evergreen, Chinese elm",Chinese elm evergreen,ULPA99ULPR,Ulmus procera,"Elm, English",English elm,ULAMULPU,Ulmus pumila,"Elm, Siberian",Siberian elm,ULAMULRU,Ulmus rubra,"Elm, Slippery",Slippery elm,ULAMULS,Ulmus species,Elm,Elm,ULAMULSE,Ulmus serotina,"Elm, September",September elm,ULAMULTH,Ulmus thomasii,"Elm, Rock",Rock elm,ULAMZE,Zelkova species,Zelkova,Zelkova,ZESEZESE,Zelkova serrata,"Zelkova, Japanese",Japanese zelkova,ZESE